week,device,step,users
2026-07-27,desktop,view_item,4935
2026-07-27,desktop,add_to_cart,907
2026-07-27,desktop,begin_checkout,479
2026-07-27,desktop,add_shipping_info,405
2026-07-27,desktop,add_payment_info,331
2026-07-27,desktop,purchase,295
2026-07-27,mobile,view_item,10256
2026-07-27,mobile,add_to_cart,1403
2026-07-27,mobile,begin_checkout,646
2026-07-27,mobile,add_shipping_info,558
2026-07-27,mobile,add_payment_info,323
2026-07-27,mobile,purchase,281
2026-08-03,desktop,view_item,4808
2026-08-03,desktop,add_to_cart,895
2026-08-03,desktop,begin_checkout,471
2026-08-03,desktop,add_shipping_info,398
2026-08-03,desktop,add_payment_info,323
2026-08-03,desktop,purchase,288
2026-08-03,mobile,view_item,10244
2026-08-03,mobile,add_to_cart,1392
2026-08-03,mobile,begin_checkout,643
2026-08-03,mobile,add_shipping_info,557
2026-08-03,mobile,add_payment_info,331
2026-08-03,mobile,purchase,288
2026-08-10,desktop,view_item,4839
2026-08-10,desktop,add_to_cart,898
2026-08-10,desktop,begin_checkout,471
2026-08-10,desktop,add_shipping_info,396
2026-08-10,desktop,add_payment_info,320
2026-08-10,desktop,purchase,285
2026-08-10,mobile,view_item,10138
2026-08-10,mobile,add_to_cart,1386
2026-08-10,mobile,begin_checkout,646
2026-08-10,mobile,add_shipping_info,557
2026-08-10,mobile,add_payment_info,330
2026-08-10,mobile,purchase,288
2026-08-17,desktop,view_item,4741
2026-08-17,desktop,add_to_cart,876
2026-08-17,desktop,begin_checkout,458
2026-08-17,desktop,add_shipping_info,385
2026-08-17,desktop,add_payment_info,318
2026-08-17,desktop,purchase,283
2026-08-17,mobile,view_item,10341
2026-08-17,mobile,add_to_cart,1387
2026-08-17,mobile,begin_checkout,633
2026-08-17,mobile,add_shipping_info,547
2026-08-17,mobile,add_payment_info,325
2026-08-17,mobile,purchase,283
2026-08-24,desktop,view_item,4779
2026-08-24,desktop,add_to_cart,890
2026-08-24,desktop,begin_checkout,471
2026-08-24,desktop,add_shipping_info,398
2026-08-24,desktop,add_payment_info,296
2026-08-24,desktop,purchase,261
2026-08-24,mobile,view_item,10277
2026-08-24,mobile,add_to_cart,1382
2026-08-24,mobile,begin_checkout,635
2026-08-24,mobile,add_shipping_info,548
2026-08-24,mobile,add_payment_info,227
2026-08-24,mobile,purchase,199
2026-08-31,desktop,view_item,4754
2026-08-31,desktop,add_to_cart,872
2026-08-31,desktop,begin_checkout,461
2026-08-31,desktop,add_shipping_info,389
2026-08-31,desktop,add_payment_info,287
2026-08-31,desktop,purchase,253
2026-08-31,mobile,view_item,10288
2026-08-31,mobile,add_to_cart,1396
2026-08-31,mobile,begin_checkout,654
2026-08-31,mobile,add_shipping_info,562
2026-08-31,mobile,add_payment_info,243
2026-08-31,mobile,purchase,209
2026-09-07,desktop,view_item,4793
2026-09-07,desktop,add_to_cart,890
2026-09-07,desktop,begin_checkout,465
2026-09-07,desktop,add_shipping_info,393
2026-09-07,desktop,add_payment_info,293
2026-09-07,desktop,purchase,258
2026-09-07,mobile,view_item,10231
2026-09-07,mobile,add_to_cart,1360
2026-09-07,mobile,begin_checkout,632
2026-09-07,mobile,add_shipping_info,544
2026-09-07,mobile,add_payment_info,228
2026-09-07,mobile,purchase,199
2026-09-14,desktop,view_item,4806
2026-09-14,desktop,add_to_cart,894
2026-09-14,desktop,begin_checkout,474
2026-09-14,desktop,add_shipping_info,402
2026-09-14,desktop,add_payment_info,298
2026-09-14,desktop,purchase,263
2026-09-14,mobile,view_item,10166
2026-09-14,mobile,add_to_cart,1401
2026-09-14,mobile,begin_checkout,652
2026-09-14,mobile,add_shipping_info,566
2026-09-14,mobile,add_payment_info,237
2026-09-14,mobile,purchase,206
