id,created_at,channel,stage,device,subject,message,tags,csat,agent_note
T48211,2026-07-27T17:42,email,checkout,mobile,Shipping fee at checkout,I only saw the shipping fee on the last step. Would have been nice to know earlier. Is there any code for free shipping?,shipping,,"Pointed to shipping page, customer still unhappy."
T48231,2026-07-28T14:33,chat,checkout,mobile,Apple Pay error,Apple Pay keeps failing at the last step. Card works everywhere else.,,,"Payment gateway timeout, known issue."
T48234,2026-07-29T10:18,chat,checkout,mobile,Discount code error,Checkout keeps rejecting TRAIL10 on mobile. Works on my laptop though?? Weird.,promo,,"Repro'd on iOS Safari 19, code field loses focus."
T48246,2026-07-30T16:23,social,post_purchase,mobile,Late delivery,Still waiting on order #FH-18204. Tracking says label created for 9 days. Not great.,,2,"Carrier delay, reshipped."
T48250,2026-07-30T19:00,chat,other,mobile,Can't log in,Password reset email never shows up. Can you help me get into my account?,account,,Reset manually.
T48253,2026-07-31T15:44,email,checkout,mobile,Shipping cost?,"Why is shipping $12.95 on a $90 order? It used to be free over $50. I'm not paying that, honestly might just get it on Amazon.",shipping,3,Customer abandoned cart over shipping fee.
T48254,2026-07-31T20:07,email,checkout,mobile,question about shipping,"Hi, is there a way to get free shipping on a $85 order? The $9.95 fee is more than I expected.",shipping,,Customer abandoned cart over shipping fee.
T48256,2026-07-31T20:30,email,pre_purchase,mobile,Sizing question Ridgeline Shell Jacket,Does the Ridgeline Shell Jacket run small? I'm usually a medium but reviews say size up. I want to wear a fleece under it.,,2,"Exchange created, size up."
T48263,2026-08-01T21:59,social,post_purchase,mobile,Late delivery,Still waiting on order #FH-13295. Tracking says label created for 9 days. Not great.,wismo,,"Tracking stuck at label created, escalated to warehouse."
T48269,2026-08-02T12:14,email,pre_purchase,mobile,Exchange for bigger size,The Summit Merino Base Layer is too tight in the shoulders. Can I exchange for one size up? Otherwise love it.,sizing,4,"Exchange created, size up."
T48278,2026-08-02T15:58,email,checkout,desktop,Apple Pay error,Apple Pay keeps failing at the last step. Card works everywhere else.,payment,3,"Payment gateway timeout, known issue."
T48267,2026-08-02T18:24,phone,pre_purchase,mobile,Size chart,"Your size chart doesn't list chest measurements for the Ridgeline Shell Jacket. I'm between L and XL, which should I get?",sizing,3,"Size chart missing chest measurements, flagged to merch."
T48277,2026-08-02T19:21,phone,pre_purchase,desktop,Waterproof rating?,Is the Ridgeline Shell Jacket actually waterproof or just water resistant? What's the rating in mm? Planning a trip to the PNW.,product-question,,"Shared 20k mm spec, customer purchased."
T48272,2026-08-02T19:35,phone,post_purchase,desktop,Late delivery,Still waiting on order #FH-14905. Tracking says label created for 6 days. Not great.,,2,"Tracking stuck at label created, escalated to warehouse."
T48275,2026-08-02T19:56,phone,post_purchase,desktop,Return request,"I'd like to return the Ridgeline Shell Jacket, it's not quite what I expected. How do I start a return?",returns,,"Color mismatch vs photos, second this month."
T48270,2026-08-02T21:35,chat,checkout,mobile,code invalid,"I got WELCOME15 in your email but it says invalid at checkout. Safari on iPhone. Annoying, gave up for now.",promo,,Applied discount manually after order. Mobile Safari again.
T48286,2026-08-03T13:57,email,post_purchase,mobile,Return label,Can you send a return label for order #FH-19245? The color is different from the photos.,returns,5,Return label sent.
T48285,2026-08-03T17:13,chat,post_purchase,mobile,Late delivery,Still waiting on order #FH-16771. Tracking says label created for 6 days. Not great.,wismo,1,"Carrier delay, reshipped."
T48283,2026-08-03T19:52,email,post_purchase,desktop,Where is my order #FH-10203,My order #FH-10203 was supposed to arrive 9 days ago and tracking hasn't updated. Need it for a trip this weekend.,wismo,,"Carrier delay, reshipped."
T48279,2026-08-03T22:17,phone,checkout,desktop,Shipping fee at checkout,I only saw the shipping fee on the last step. Would have been nice to know earlier. Is there any code for free shipping?,shipping,2,Customer abandoned cart over shipping fee.
T48298,2026-08-04T10:11,social,pre_purchase,mobile,Waterproof rating?,Is the Basecamp Down Vest actually waterproof or just water resistant? What's the rating in mm? Planning a trip to the PNW.,product-question,4,"Shared 20k mm spec, customer purchased."
T48293,2026-08-04T10:32,social,pre_purchase,mobile,Sizing question Basecamp Down Vest,Does the Basecamp Down Vest run small? I'm usually a medium but reviews say size up. I want to wear a fleece under it.,sizing,,"Exchange created, size up."
T48297,2026-08-04T10:39,chat,post_purchase,mobile,Where is my order #FH-19269,My order #FH-19269 was supposed to arrive 7 days ago and tracking hasn't updated. Need it for a trip this weekend.,wismo,,"Tracking stuck at label created, escalated to warehouse."
T48300,2026-08-04T18:25,social,pre_purchase,mobile,Waterproof rating?,Is the Ridgeline Shell Jacket actually waterproof or just water resistant? What's the rating in mm? Planning a trip to the PNW.,product-question,4,"Shared 20k mm spec, customer purchased."
T48310,2026-08-05T13:12,phone,pre_purchase,desktop,question,Is the DWR coating on the Trailhead 2 Tent PFAS-free? Trying to avoid forever chemicals.,general,3,"Did not know answer, asked product team."
T48308,2026-08-05T17:59,email,other,desktop,Can't log in,Password reset email never shows up. Can you help me get into my account?,account,5,Reset manually.
T48304,2026-08-05T21:10,email,pre_purchase,mobile,fit help,Ordered the Basecamp Down Vest in M and the sleeves are short. Is the tall fit coming back?,sizing,3,"Size chart missing chest measurements, flagged to merch."
T48307,2026-08-05T22:14,social,pre_purchase,desktop,Waterproof rating?,Is the Basecamp Down Vest actually waterproof or just water resistant? What's the rating in mm? Planning a trip to the PNW.,product-question,4,"Shared 20k mm spec, customer purchased."
T48314,2026-08-06T15:16,chat,pre_purchase,mobile,Sizing question Trailhead 2 Tent,Does the Trailhead 2 Tent run small? I'm usually a medium but reviews say size up. I want to wear a fleece under it.,sizing,3,Recommended sizing up for layering.
T48329,2026-08-07T15:59,chat,checkout,mobile,Discount code error,Checkout keeps rejecting FALLDROP20 on mobile. Works on my laptop though?? Weird.,,2,Applied discount manually after order. Mobile Safari again.
T48333,2026-08-07T16:18,email,post_purchase,desktop,Love the Ridgeline Shell Jacket,Wore the Ridgeline Shell Jacket through six hours of rain on the trail and stayed completely dry. Best jacket I have owned.,praise,5,"Happy customer, asked for review."
T48342,2026-08-08T09:12,phone,post_purchase,mobile,Return label,Can you send a return label for order #FH-18784? The color is different from the photos.,returns,2,"Color mismatch vs photos, second this month."
T48346,2026-08-08T12:36,phone,pre_purchase,desktop,Waterproof rating?,Is the Ridgeline Shell Jacket actually waterproof or just water resistant? What's the rating in mm? Planning a trip to the PNW.,product-question,4,"Spec not on PDP, had to check with product team."
T48338,2026-08-08T15:40,email,pre_purchase,mobile,Size chart,"Your size chart doesn't list chest measurements for the Basecamp Down Vest. I'm between L and XL, which should I get?",sizing,,Recommended sizing up for layering.
T48349,2026-08-09T08:38,chat,pre_purchase,desktop,Exchange for bigger size,The Ridgeline Shell Jacket is too tight in the shoulders. Can I exchange for one size up? Otherwise love it.,sizing,,"Exchange created, size up."
T48348,2026-08-09T17:36,phone,pre_purchase,desktop,Sizing question Ridgeline Shell Jacket,Does the Ridgeline Shell Jacket run small? I'm usually a medium but reviews say size up. I want to wear a fleece under it.,sizing,2,"Exchange created, size up."
T48356,2026-08-10T21:54,email,pre_purchase,mobile,fit help,Ordered the Summit Merino Base Layer in M and the sleeves are short. Is the tall fit coming back?,,4,"Exchange created, size up."
T48366,2026-08-11T08:35,email,pre_purchase,mobile,Waterproof rating?,Is the Trailhead 2 Tent actually waterproof or just water resistant? What's the rating in mm? Planning a trip to the PNW.,product-question,4,"Spec not on PDP, had to check with product team."
T48365,2026-08-11T12:57,social,post_purchase,mobile,Return label,Can you send a return label for order #FH-18361? The color is different from the photos.,returns,4,"Color mismatch vs photos, second this month."
T48364,2026-08-11T15:26,phone,post_purchase,mobile,Return label,Can you send a return label for order #FH-19050? The color is different from the photos.,returns,2,"Color mismatch vs photos, second this month."
T48378,2026-08-12T21:06,email,post_purchase,desktop,great product,Sized up on the Ridgeline Shell Jacket like your team said and the fit is perfect over my fleece. Love it.,,5,"Positive feedback, forwarded to marketing."
T48374,2026-08-12T22:14,chat,post_purchase,mobile,Late delivery,Still waiting on order #FH-12217. Tracking says label created for 5 days. Not great.,wismo,3,"Tracking stuck at label created, escalated to warehouse."
T48384,2026-08-13T08:32,email,post_purchase,mobile,Late delivery,Still waiting on order #FH-12486. Tracking says label created for 3 days. Not great.,wismo,4,"Carrier delay, reshipped."
T48382,2026-08-13T22:40,email,pre_purchase,mobile,Sizing question Ridgeline Shell Jacket,Does the Ridgeline Shell Jacket run small? I'm usually a medium but reviews say size up. I want to wear a fleece under it.,sizing,4,Recommended sizing up for layering.
T48399,2026-08-14T12:09,phone,pre_purchase,desktop,Waterproof rating?,Is the Ridgeline Shell Jacket actually waterproof or just water resistant? What's the rating in mm? Planning a trip to the PNW.,product-question,5,"Spec not on PDP, had to check with product team."
T48393,2026-08-14T15:38,social,checkout,desktop,question about shipping,"Hi, is there a way to get free shipping on a $78 order? The $12.95 fee is more than I expected.",,3,Customer abandoned cart over shipping fee.
T48395,2026-08-14T18:15,phone,post_purchase,mobile,Where is my order #FH-13158,My order #FH-13158 was supposed to arrive 3 days ago and tracking hasn't updated. Need it for a trip this weekend.,wismo,,"Carrier delay, reshipped."
T48412,2026-08-15T09:00,phone,pre_purchase,mobile,materials,Before I buy: are your jackets made without PFCs or PFAS? Couldn't find it anywhere on the site.,general,,"Did not know answer, asked product team."
T48422,2026-08-16T08:29,email,post_purchase,desktop,Love the Summit Merino Base Layer,The Summit Merino Base Layer is so soft and does not smell after a week on trail. Great layer.,praise,4,"Happy customer, asked for review."
T48420,2026-08-16T12:44,phone,post_purchase,mobile,Return request,"I'd like to return the Ridgeline Shell Jacket, it's not quite what I expected. How do I start a return?",,2,Return label sent.
T48421,2026-08-16T21:56,email,post_purchase,mobile,Love the Ridgeline Shell Jacket,"The Ridgeline Shell Jacket kept me completely dry in a real downpour. Worth every penny, I will get the pants too.",praise,,"Happy customer, asked for review."
T48425,2026-08-17T18:05,chat,checkout,mobile,Discount code error,Checkout keeps rejecting FALLDROP20 on mobile. Works on my laptop though?? Weird.,promo,2,Customer used desktop to complete.
T48430,2026-08-17T20:02,chat,pre_purchase,mobile,Waterproof rating?,Is the Ridgeline Shell Jacket actually waterproof or just water resistant? What's the rating in mm? Planning a trip to the PNW.,product-question,5,"Shared 20k mm spec, customer purchased."
T48437,2026-08-18T09:22,social,pre_purchase,mobile,Size chart,"Your size chart doesn't list chest measurements for the Summit Merino Base Layer. I'm between L and XL, which should I get?",,,"Exchange created, size up."
T48440,2026-08-18T11:40,chat,post_purchase,desktop,Where is my order #FH-13110,My order #FH-13110 was supposed to arrive 7 days ago and tracking hasn't updated. Need it for a trip this weekend.,wismo,,"Tracking stuck at label created, escalated to warehouse."
T48442,2026-08-18T22:22,chat,post_purchase,mobile,Late delivery,Still waiting on order #FH-12349. Tracking says label created for 4 days. Not great.,wismo,,"Carrier delay, reshipped."
T48454,2026-08-19T08:07,email,post_purchase,desktop,great product,The exchange was so easy. One size up on the Summit Merino Base Layer and the fit is perfect now. Thank you!,,4,"Happy customer, asked for review."
T48453,2026-08-19T12:09,email,post_purchase,desktop,Return request,"I'd like to return the Ridgeline Shell Jacket, it's not quite what I expected. How do I start a return?",returns,,"Color mismatch vs photos, second this month."
T48457,2026-08-20T07:18,phone,pre_purchase,desktop,fit help,Ordered the Trailhead 2 Tent in M and the sleeves are short. Is the tall fit coming back?,,4,Recommended sizing up for layering.
T48460,2026-08-20T11:10,social,post_purchase,desktop,Late delivery,Still waiting on order #FH-13637. Tracking says label created for 4 days. Not great.,wismo,,"Tracking stuck at label created, escalated to warehouse."
T48465,2026-08-21T08:36,phone,checkout,mobile,question about shipping,"Hi, is there a way to get free shipping on a $90 order? The $14.95 fee is more than I expected.",shipping,,Customer abandoned cart over shipping fee.
T48464,2026-08-21T10:08,email,checkout,mobile,Free shipping threshold,Did you change the free shipping minimum? The banner says free shipping but at checkout it added $9.95. Pretty frustrating.,,,"Pointed to shipping page, customer still unhappy."
T48483,2026-08-22T10:53,phone,post_purchase,desktop,Where is my order #FH-16976,My order #FH-16976 was supposed to arrive 9 days ago and tracking hasn't updated. Need it for a trip this weekend.,wismo,,"Carrier delay, reshipped."
T48480,2026-08-22T20:29,phone,checkout,mobile,Promo code not working,The code WELCOME15 won't apply on my iPhone. It just spins and says invalid. Tried three times.,,2,"Repro'd on iOS Safari 19, code field loses focus."
T48493,2026-08-23T16:48,phone,post_purchase,desktop,Late delivery,Still waiting on order #FH-19002. Tracking says label created for 3 days. Not great.,wismo,3,"Tracking stuck at label created, escalated to warehouse."
T48489,2026-08-23T19:22,chat,checkout,mobile,Free shipping threshold,Did you change the free shipping minimum? The banner says free shipping but at checkout it added $14.95. Pretty frustrating.,shipping,1,"Pointed to shipping page, customer still unhappy."
T48500,2026-08-24T07:40,social,checkout,mobile,Shipping cost?,"Why is shipping $9.95 on a $78 order? It used to be free over $50. I'm not paying that, honestly might just get it on Amazon.",shipping,,Customer abandoned cart over shipping fee.
T48498,2026-08-24T16:49,social,checkout,mobile,question about shipping,"Hi, is there a way to get free shipping on a $90 order? The $12.95 fee is more than I expected.",shipping,3,"Pointed to shipping page, customer still unhappy."
T48504,2026-08-24T19:08,email,checkout,mobile,Apple Pay error,Apple Pay keeps failing at the last step. Card works everywhere else.,payment,,"Payment gateway timeout, known issue."
T48517,2026-08-25T08:07,social,pre_purchase,mobile,materials,Before I buy: are your jackets made without PFCs or PFAS? Couldn't find it anywhere on the site.,general,4,"Did not know answer, asked product team."
T48513,2026-08-25T21:55,chat,post_purchase,desktop,Love the Basecamp Down Vest,The Basecamp Down Vest packs down tiny and is so warm for the weight. Already recommending it to friends.,,5,"Happy customer, asked for review."
T48523,2026-08-26T07:49,chat,pre_purchase,mobile,Sizing question Basecamp Down Vest,Does the Basecamp Down Vest run small? I'm usually a medium but reviews say size up. I want to wear a fleece under it.,sizing,,"Exchange created, size up."
T48531,2026-08-26T15:49,email,pre_purchase,mobile,question,Is the DWR coating on the Summit Merino Base Layer PFAS-free? Trying to avoid forever chemicals.,general,,"Did not know answer, asked product team."
T48527,2026-08-26T19:18,chat,post_purchase,mobile,Late delivery,Still waiting on order #FH-16050. Tracking says label created for 5 days. Not great.,wismo,4,"Carrier delay, reshipped."
T48534,2026-08-27T07:03,phone,checkout,mobile,question about shipping,"Hi, is there a way to get free shipping on a $62 order? The $14.95 fee is more than I expected.",,,"Explained new $99 threshold, offered TRAIL10 as goodwill."
T48535,2026-08-27T08:39,chat,checkout,desktop,Free shipping threshold,Did you change the free shipping minimum? The banner says free shipping but at checkout it added $12.95. Pretty frustrating.,shipping,2,Customer abandoned cart over shipping fee.
T48545,2026-08-27T14:17,social,other,mobile,Can't log in,Password reset email never shows up. Can you help me get into my account?,,3,Reset manually.
T48574,2026-08-29T08:48,social,pre_purchase,mobile,sustainability,Do you publish anything about the coatings you use? A friend said some brands went fluorine-free and I'd rather support that.,general,,"Did not know answer, asked product team."
T48569,2026-08-29T09:20,chat,checkout,mobile,Apple Pay error,Apple Pay keeps failing at the last step. Card works everywhere else.,payment,3,"Payment gateway timeout, known issue."
T48562,2026-08-29T09:51,chat,checkout,mobile,Free shipping threshold,Did you change the free shipping minimum? The banner says free shipping but at checkout it added $12.95. Pretty frustrating.,shipping,,Customer abandoned cart over shipping fee.
T48573,2026-08-29T11:34,phone,pre_purchase,mobile,materials,Before I buy: are your jackets made without PFCs or PFAS? Couldn't find it anywhere on the site.,general,,"Did not know answer, asked product team."
T48571,2026-08-29T16:25,chat,pre_purchase,desktop,question,Is the DWR coating on the Summit Merino Base Layer PFAS-free? Trying to avoid forever chemicals.,general,,"Customer asked about PFAS, no info on site."
T48567,2026-08-29T22:21,email,post_purchase,desktop,Return label,Can you send a return label for order #FH-18234? The color is different from the photos.,returns,,Return label sent.
T48580,2026-08-30T09:57,phone,checkout,desktop,code invalid,"I got WELCOME15 in your email but it says invalid at checkout. Safari on iPhone. Annoying, gave up for now.",,2,"Repro'd on iOS Safari 19, code field loses focus."
T48585,2026-08-30T13:11,chat,post_purchase,desktop,Love the Basecamp Down Vest,"Love the Basecamp Down Vest. Light, warm, and great quality for the price.",,4,"Positive feedback, forwarded to marketing."
T48582,2026-08-30T20:38,email,post_purchase,mobile,Return request,"I'd like to return the Ridgeline Shell Jacket, it's not quite what I expected. How do I start a return?",,3,"Color mismatch vs photos, second this month."
T48603,2026-08-31T08:20,phone,other,desktop,Can't log in,Password reset email never shows up. Can you help me get into my account?,account,3,Reset manually.
T48597,2026-08-31T12:47,email,post_purchase,desktop,Where is my order #FH-15464,My order #FH-15464 was supposed to arrive 8 days ago and tracking hasn't updated. Need it for a trip this weekend.,wismo,,"Carrier delay, reshipped."
T48595,2026-08-31T17:55,email,checkout,mobile,Promo code not working,The code TRAIL10 won't apply on my iPhone. It just spins and says invalid. Tried three times.,promo,3,"Repro'd on iOS Safari 19, code field loses focus."
T48614,2026-09-01T07:47,chat,other,desktop,Can't log in,Password reset email never shows up. Can you help me get into my account?,account,,Reset manually.
T48607,2026-09-01T14:17,chat,pre_purchase,mobile,fit help,Ordered the Basecamp Down Vest in M and the sleeves are short. Is the tall fit coming back?,sizing,3,"Size chart missing chest measurements, flagged to merch."
T48613,2026-09-01T15:49,social,checkout,mobile,Apple Pay error,Apple Pay keeps failing at the last step. Card works everywhere else.,payment,4,"Payment gateway timeout, known issue."
T48612,2026-09-01T21:17,social,pre_purchase,mobile,question before buying,How does the Summit Merino Base Layer compare to the older version for rain? Is the seam taping fully sealed?,product-question,,"Spec not on PDP, had to check with product team."
T48624,2026-09-02T07:47,chat,post_purchase,mobile,Return label,Can you send a return label for order #FH-18138? The color is different from the photos.,,,Return label sent.
T48626,2026-09-02T08:22,social,post_purchase,desktop,Return request,"I'd like to return the Basecamp Down Vest, it's not quite what I expected. How do I start a return?",returns,3,"Color mismatch vs photos, second this month."
T48617,2026-09-02T12:01,chat,checkout,mobile,question about shipping,"Hi, is there a way to get free shipping on a $85 order? The $14.95 fee is more than I expected.",shipping,2,Customer abandoned cart over shipping fee.
T48635,2026-09-03T17:54,phone,checkout,mobile,Promo code not working,The code WELCOME15 won't apply on my iPhone. It just spins and says invalid. Tried three times.,promo,3,"Repro'd on iOS Safari 19, code field loses focus."
T48645,2026-09-03T19:47,social,pre_purchase,mobile,sustainability,Do you publish anything about the coatings you use? A friend said some brands went fluorine-free and I'd rather support that.,general,3,"Customer asked about PFAS, no info on site."
T48642,2026-09-03T20:45,chat,post_purchase,mobile,Love the Ridgeline Shell Jacket,Stayed completely dry on a wet hike in the Ridgeline Shell Jacket. Light enough to forget it is in my pack.,praise,,"Happy customer, asked for review."
T48630,2026-09-03T21:59,social,checkout,desktop,Shipping cost?,"Why is shipping $14.95 on a $62 order? It used to be free over $50. I'm not paying that, honestly might just get it on Amazon.",shipping,4,Customer abandoned cart over shipping fee.
T48638,2026-09-03T22:40,social,post_purchase,mobile,Late delivery,Still waiting on order #FH-11448. Tracking says label created for 9 days. Not great.,wismo,3,"Carrier delay, reshipped."
T48646,2026-09-04T09:47,email,checkout,mobile,Shipping cost?,"Why is shipping $9.95 on a $90 order? It used to be free over $50. I'm not paying that, honestly might just get it on Amazon.",,3,Customer abandoned cart over shipping fee.
T48654,2026-09-04T15:46,chat,post_purchase,desktop,Return label,Can you send a return label for order #FH-14547? The color is different from the photos.,returns,,"Color mismatch vs photos, second this month."
T48655,2026-09-04T19:37,social,post_purchase,mobile,great product,Took one size up in the Ridgeline Shell Jacket and the fit is perfect with a fleece under it. Recommending it to my hiking group.,praise,4,"Positive feedback, forwarded to marketing."
T48672,2026-09-06T07:38,chat,pre_purchase,mobile,Sizing question Basecamp Down Vest,Does the Basecamp Down Vest run small? I'm usually a medium but reviews say size up. I want to wear a fleece under it.,sizing,,"Exchange created, size up."
T48673,2026-09-06T10:13,chat,checkout,desktop,code invalid,"I got WELCOME15 in your email but it says invalid at checkout. Safari on iPhone. Annoying, gave up for now.",promo,2,"Repro'd on iOS Safari 19, code field loses focus."
T48670,2026-09-06T15:55,email,checkout,mobile,question about shipping,"Hi, is there a way to get free shipping on a $78 order? The $12.95 fee is more than I expected.",shipping,1,Customer abandoned cart over shipping fee.
T48671,2026-09-06T20:12,social,pre_purchase,desktop,Exchange for bigger size,The Summit Merino Base Layer is too tight in the shoulders. Can I exchange for one size up? Otherwise love it.,sizing,4,Recommended sizing up for layering.
T48685,2026-09-07T17:28,email,checkout,mobile,Promo code not working,The code WELCOME15 won't apply on my iPhone. It just spins and says invalid. Tried three times.,promo,,"Repro'd on iOS Safari 19, code field loses focus."
T48680,2026-09-07T21:32,social,checkout,mobile,Shipping cost?,"Why is shipping $14.95 on a $78 order? It used to be free over $50. I'm not paying that, honestly might just get it on Amazon.",shipping,2,"Pointed to shipping page, customer still unhappy."
T48695,2026-09-08T14:49,email,checkout,mobile,Promo code not working,The code FALLDROP20 won't apply on my iPhone. It just spins and says invalid. Tried three times.,promo,,"Repro'd on iOS Safari 19, code field loses focus."
T48718,2026-09-09T10:25,email,pre_purchase,desktop,Waterproof rating?,Is the Ridgeline Shell Jacket actually waterproof or just water resistant? What's the rating in mm? Planning a trip to the PNW.,,,"Shared 20k mm spec, customer purchased."
T48709,2026-09-09T14:21,phone,checkout,desktop,Shipping fee at checkout,I only saw the shipping fee on the last step. Would have been nice to know earlier. Is there any code for free shipping?,,1,"Pointed to shipping page, customer still unhappy."
T48712,2026-09-09T21:05,phone,checkout,mobile,Promo code not working,The code WELCOME15 won't apply on my iPhone. It just spins and says invalid. Tried three times.,promo,4,Applied discount manually after order. Mobile Safari again.
T48706,2026-09-09T21:40,chat,checkout,mobile,Free shipping threshold,Did you change the free shipping minimum? The banner says free shipping but at checkout it added $12.95. Pretty frustrating.,shipping,,"Pointed to shipping page, customer still unhappy."
T48716,2026-09-09T22:58,phone,post_purchase,desktop,Love the Trailhead 2 Tent,The Trailhead 2 Tent stayed completely dry through a night of storms. Setup takes five minutes. Great tent.,praise,,"Happy customer, asked for review."
T48729,2026-09-10T16:07,chat,post_purchase,desktop,Love the Ridgeline Shell Jacket,Third trip in the Ridgeline Shell Jacket and still completely dry. Excellent quality. Will buy again.,praise,,"Positive feedback, forwarded to marketing."
T48741,2026-09-11T11:11,phone,checkout,mobile,Promo code not working,The code TRAIL10 won't apply on my iPhone. It just spins and says invalid. Tried three times.,promo,,"Repro'd on iOS Safari 19, code field loses focus."
T48737,2026-09-11T13:14,social,checkout,mobile,Free shipping threshold,Did you change the free shipping minimum? The banner says free shipping but at checkout it added $12.95. Pretty frustrating.,shipping,,"Explained new $99 threshold, offered TRAIL10 as goodwill."
T48756,2026-09-12T08:12,email,pre_purchase,desktop,sustainability,Do you publish anything about the coatings you use? A friend said some brands went fluorine-free and I'd rather support that.,general,4,"Customer asked about PFAS, no info on site."
T48749,2026-09-12T20:20,chat,checkout,mobile,question about shipping,"Hi, is there a way to get free shipping on a $78 order? The $9.95 fee is more than I expected.",shipping,3,Customer abandoned cart over shipping fee.
T48770,2026-09-13T11:19,chat,post_purchase,desktop,Thank you,"Your team was so helpful with my exchange, and the Trailhead 2 Tent is excellent quality. Will definitely buy again.",praise,5,"Happy customer, asked for review."
T48759,2026-09-13T13:16,phone,checkout,mobile,Shipping cost?,"Why is shipping $12.95 on a $85 order? It used to be free over $50. I'm not paying that, honestly might just get it on Amazon.",shipping,1,Customer abandoned cart over shipping fee.
T48758,2026-09-13T18:37,social,checkout,mobile,Shipping cost?,"Why is shipping $14.95 on a $90 order? It used to be free over $50. I'm not paying that, honestly might just get it on Amazon.",shipping,,"Explained new $99 threshold, offered TRAIL10 as goodwill."
T48764,2026-09-13T22:54,phone,post_purchase,mobile,Late delivery,Still waiting on order #FH-13748. Tracking says label created for 8 days. Not great.,wismo,,"Tracking stuck at label created, escalated to warehouse."
T48781,2026-09-14T08:00,chat,checkout,mobile,code invalid,"I got WELCOME15 in your email but it says invalid at checkout. Safari on iPhone. Annoying, gave up for now.",promo,,Applied discount manually after order. Mobile Safari again.
T48786,2026-09-14T09:17,social,post_purchase,mobile,Late delivery,Still waiting on order #FH-16305. Tracking says label created for 4 days. Not great.,,2,"Carrier delay, reshipped."
T48790,2026-09-14T09:51,email,pre_purchase,mobile,sustainability,Do you publish anything about the coatings you use? A friend said some brands went fluorine-free and I'd rather support that.,general,,"Did not know answer, asked product team."
T48780,2026-09-14T09:52,chat,checkout,mobile,Discount code error,Checkout keeps rejecting FALLDROP20 on mobile. Works on my laptop though?? Weird.,promo,2,Customer used desktop to complete.
T48782,2026-09-14T14:41,email,checkout,mobile,Discount code error,Checkout keeps rejecting FALLDROP20 on mobile. Works on my laptop though?? Weird.,promo,3,Customer used desktop to complete.
T48791,2026-09-14T20:53,chat,pre_purchase,mobile,question,Is the DWR coating on the Summit Merino Base Layer PFAS-free? Trying to avoid forever chemicals.,general,,"Customer asked about PFAS, no info on site."
T48778,2026-09-14T21:41,phone,checkout,mobile,question about shipping,"Hi, is there a way to get free shipping on a $78 order? The $9.95 fee is more than I expected.",shipping,2,"Pointed to shipping page, customer still unhappy."
T48798,2026-09-15T09:56,social,post_purchase,mobile,Where is my order #FH-17341,My order #FH-17341 was supposed to arrive 7 days ago and tracking hasn't updated. Need it for a trip this weekend.,wismo,3,"Carrier delay, reshipped."
T48792,2026-09-15T10:05,chat,checkout,desktop,Shipping cost?,"Why is shipping $12.95 on a $85 order? It used to be free over $50. I'm not paying that, honestly might just get it on Amazon.",shipping,2,"Pointed to shipping page, customer still unhappy."
T48797,2026-09-15T10:15,phone,checkout,mobile,Discount code error,Checkout keeps rejecting TRAIL10 on mobile. Works on my laptop though?? Weird.,promo,1,Applied discount manually after order. Mobile Safari again.
T48801,2026-09-15T13:47,chat,pre_purchase,mobile,question before buying,How does the Ridgeline Shell Jacket compare to the older version for rain? Is the seam taping fully sealed?,product-question,,"Spec not on PDP, had to check with product team."
T48802,2026-09-15T15:26,phone,pre_purchase,mobile,question before buying,How does the Ridgeline Shell Jacket compare to the older version for rain? Is the seam taping fully sealed?,product-question,,"Shared 20k mm spec, customer purchased."
T48810,2026-09-16T10:43,email,checkout,mobile,Shipping cost?,"Why is shipping $14.95 on a $90 order? It used to be free over $50. I'm not paying that, honestly might just get it on Amazon.",shipping,3,"Explained new $99 threshold, offered TRAIL10 as goodwill."
T48812,2026-09-16T12:30,phone,pre_purchase,mobile,Exchange for bigger size,The Ridgeline Shell Jacket is too tight in the shoulders. Can I exchange for one size up? Otherwise love it.,sizing,,Recommended sizing up for layering.
T48809,2026-09-16T16:42,email,checkout,mobile,question about shipping,"Hi, is there a way to get free shipping on a $78 order? The $12.95 fee is more than I expected.",shipping,2,Customer abandoned cart over shipping fee.
T48806,2026-09-16T18:16,phone,checkout,mobile,Shipping cost?,"Why is shipping $9.95 on a $85 order? It used to be free over $50. I'm not paying that, honestly might just get it on Amazon.",shipping,,Customer abandoned cart over shipping fee.
T48808,2026-09-16T19:48,phone,checkout,mobile,question about shipping,"Hi, is there a way to get free shipping on a $78 order? The $12.95 fee is more than I expected.",shipping,,Customer abandoned cart over shipping fee.
T48826,2026-09-17T18:12,social,checkout,mobile,Shipping cost?,"Why is shipping $14.95 on a $90 order? It used to be free over $50. I'm not paying that, honestly might just get it on Amazon.",shipping,,"Explained new $99 threshold, offered TRAIL10 as goodwill."
T48830,2026-09-17T18:38,phone,post_purchase,mobile,Love the Basecamp Down Vest,"The Basecamp Down Vest is perfect for cold mornings at camp. Warm, light and it packs small. Will buy again in another color.",praise,5,"Positive feedback, forwarded to marketing."
T48833,2026-09-17T22:53,phone,checkout,mobile,Apple Pay error,Apple Pay keeps failing at the last step. Card works everywhere else.,payment,1,"Payment gateway timeout, known issue."
T48857,2026-09-19T07:33,chat,post_purchase,desktop,Love the Summit Merino Base Layer,The Summit Merino Base Layer is the best base layer I own. Warm when wet and no itch. Recommending it to everyone.,,5,"Happy customer, asked for review."
T48852,2026-09-19T16:58,social,checkout,mobile,Promo code not working,The code FALLDROP20 won't apply on my iPhone. It just spins and says invalid. Tried three times.,promo,2,Applied discount manually after order. Mobile Safari again.
T48868,2026-09-20T08:53,chat,pre_purchase,mobile,Waterproof rating?,Is the Ridgeline Shell Jacket actually waterproof or just water resistant? What's the rating in mm? Planning a trip to the PNW.,,4,"Spec not on PDP, had to check with product team."
T48863,2026-09-20T16:04,email,checkout,mobile,Shipping fee at checkout,I only saw the shipping fee on the last step. Would have been nice to know earlier. Is there any code for free shipping?,shipping,4,"Explained new $99 threshold, offered TRAIL10 as goodwill."
T48864,2026-09-20T22:13,social,checkout,desktop,Free shipping threshold,Did you change the free shipping minimum? The banner says free shipping but at checkout it added $12.95. Pretty frustrating.,shipping,,"Pointed to shipping page, customer still unhappy."
